accident_code,accident_number,accident_value,accident_letter,load_date
"OCC","757","Separating, filtering & clarifying mach. operators","","2018-11-09 20:56:02 EST"
"OCC","758","Compressing and compacting machine operators","","2018-11-09 20:56:02 EST"
"OCC","759","Painting and paint spraying machine operators","","2018-11-09 20:56:02 EST"
"OCC","763","Roasting and baking machine operators, food","","2018-11-09 20:56:02 EST"
"OCC","764","Washing, cleaning and pickling machine operators","","2018-11-09 20:56:02 EST"
"OCC","765","Folding machine operators","","2018-11-09 20:56:02 EST"
"OCC","766","Furnace, kiln and oven operators","","2018-11-09 20:56:02 EST"
"OCC","768","Crushing and grinding machine operators","","2018-11-09 20:56:02 EST"
"OCC","769","Slicing and cutting machine operators","","2018-11-09 20:56:02 EST"
"OCC","773","Motion picture projectionists","","2018-11-09 20:56:02 EST"
"OCC","774","Photographic process machine operators","","2018-11-09 20:56:02 EST"
"OCC","777","Miscellaneous machine operators, n.e.c.","","2018-11-09 20:56:02 EST"
"OCC","779","Machine operators, not specified","","2018-11-09 20:56:02 EST"
"OCC","783","Welders and cutters","","2018-11-09 20:56:02 EST"
"OCC","784","Solderers and brazers","","2018-11-09 20:56:02 EST"
"OCC","785","Assemblers","","2018-11-09 20:56:02 EST"
"OCC","786","Hand cutting and trimming occupations","","2018-11-09 20:56:02 EST"
"OCC","787","Hand molding, casting, and forming occupations","","2018-11-09 20:56:02 EST"
"OCC","789","Hand painting, coating and decorating occupations","","2018-11-09 20:56:02 EST"
"OCC","793","Hand engraving and printing occupations","","2018-11-09 20:56:02 EST"
"OCC","794","Hand grinding and polishing occupations","","2018-11-09 20:56:02 EST"
"OCC","795","Miscellaneous hand working occupations","","2018-11-09 20:56:02 EST"
"OCC","796","Production inspectors, checkers and examiners","","2018-11-09 20:56:02 EST"
"OCC","797","Production testers","","2018-11-09 20:56:02 EST"
"OCC","798","Production samplers and weighers","","2018-11-09 20:56:02 EST"
"OCC","799","Graders and sorters, except agricultural","","2018-11-09 20:56:02 EST"
"OCC","803","Supervisors, motor vehicle operators","","2018-11-09 20:56:02 EST"
"OCC","804","Truck drivers, heavy","","2018-11-09 20:56:02 EST"
"OCC","805","Truck drivers, light","","2018-11-09 20:56:02 EST"
"OCC","806","Driver-sales workers","","2018-11-09 20:56:02 EST"
"OCC","808","Bus drivers","","2018-11-09 20:56:02 EST"
"OCC","809","Taxi cab drivers and chauffeurs","","2018-11-09 20:56:02 EST"
"OCC","813","Parking lot attendants","","2018-11-09 20:56:02 EST"
"OCC","814","Motor transportation occuputions n.e.c.","","2018-11-09 20:56:02 EST"
"OCC","823","Railroad conductors and yardmasters","","2018-11-09 20:56:02 EST"
"OCC","824","Locomotive operating occupations","","2018-11-09 20:56:02 EST"
"OCC","825","Railroad brake, signal and switch operators","","2018-11-09 20:56:02 EST"
"OCC","826","Rail vehicle operators, n.e.c.","","2018-11-09 20:56:02 EST"
"OCC","828","Ship captains and mates, except fishing boats","","2018-11-09 20:56:02 EST"
"OCC","829","Sailors and deckhands","","2018-11-09 20:56:02 EST"
"OCC","833","Marine engineers","","2018-11-09 20:56:02 EST"
"OCC","834","Bridge, lock and lighthouse tenders","","2018-11-09 20:56:02 EST"
"OCC","843","Supervisors, material moving equipment operators","","2018-11-09 20:56:02 EST"
"OCC","844","Operating engineers","","2018-11-09 20:56:02 EST"
"OCC","845","Longshore equipment operators","","2018-11-09 20:56:02 EST"
"OCC","848","Hoist and winch operators","","2018-11-09 20:56:02 EST"
"OCC","849","Crane and tower operators","","2018-11-09 20:56:02 EST"
"OCC","853","Excavating and loading machine operators","","2018-11-09 20:56:02 EST"
"OCC","855","Grader, dozer and scraper operators","","2018-11-09 20:56:02 EST"
"OCC","856","Industrial truck and tractor equipment operators","","2018-11-09 20:56:02 EST"
"OCC","859","Miscellaneous material moving equipment operators","","2018-11-09 20:56:02 EST"
"OCC","863","Supervisors; handlers,equip-cleaners,laborers nec","","2018-11-09 20:56:02 EST"
"OCC","864","Helpers, mechanics and repairers","","2018-11-09 20:56:02 EST"
"OCC","865","Helpers, construction trades","","2018-11-09 20:56:02 EST"
"OCC","866","Helpers, surveyor","","2018-11-09 20:56:02 EST"
"OCC","867","Helpers, extractive occupations","","2018-11-09 20:56:02 EST"
"OCC","868","Helpers, Extractive Occupations","","2018-11-09 20:56:02 EST"
"OCC","869","Construction laborers","","2018-11-09 20:56:02 EST"
"OCC","873","Production helpers","","2018-11-09 20:56:02 EST"
"OCC","875","Garbage collectors","","2018-11-09 20:56:02 EST"
"OCC","876","Stevedores","","2018-11-09 20:56:02 EST"
"OCC","877","Stock handlers and baggers","","2018-11-09 20:56:02 EST"
"OCC","878","Machine feeders and offbearers","","2018-11-09 20:56:02 EST"
"OCC","883","Freight, stock and material handlers, n.e.c.","","2018-11-09 20:56:02 EST"
"OCC","885","Garage and service station related occupations","","2018-11-09 20:56:02 EST"
"OCC","887","Vehicle washers and equipment cleaners","","2018-11-09 20:56:02 EST"
"OCC","888","Hand packers and packagers","","2018-11-09 20:56:02 EST"
"OCC","889","Laborers, except construction","","2018-11-09 20:56:02 EST"
"OCC","903","Commissioned Officers And Warrant Officers","","2018-11-09 20:56:02 EST"
"OCC","904","Non-Commissioned Officers And Other Enlisted Personnel","","2018-11-09 20:56:02 EST"
"OCC","905","Military Occupation, Rank Not Specified","","2018-11-09 20:56:02 EST"
"OCC","909","Last Worked 1984 Or Earlier","","2018-11-09 20:56:02 EST"
"OCC","999","Occupation not reported","","2018-11-09 20:56:02 EST"
"OCC","7001","Aerial Lift Operator","","2018-11-09 20:56:02 EST"
"OCC","7002","Animal Contro Worker","","2018-11-09 20:56:02 EST"
"OCC","7003","Carcass Cleanup Worker","","2018-11-09 20:56:02 EST"
"OCC","7004","Carpenter","","2018-11-09 20:56:02 EST"
"OCC","7005","Chainsaw Operator","","2018-11-09 20:56:02 EST"
"OCC","7006","Chipper Operator","","2018-11-09 20:56:02 EST"
"OCC","7007","Civil Engineer","","2018-11-09 20:56:02 EST"
"OCC","7008","Insurance Claims","","2018-11-09 20:56:02 EST"
"OCC","7009","Construction/Building Inspector","","2018-11-09 20:56:02 EST"
"OCC","7010","Construction Laborer","","2018-11-09 20:56:02 EST"
"OCC","7011","Coroner","","2018-11-09 20:56:02 EST"
"OCC","7012","Cost Estimator","","2018-11-09 20:56:02 EST"
"OCC","7013","Crane Operator","","2018-11-09 20:56:02 EST"
"OCC","7014","Diver","","2018-11-09 20:56:02 EST"
"OCC","7015","Electrical Power-Line","","2018-11-09 20:56:02 EST"
"OCC","7016","Installers And Repairers","","2018-11-09 20:56:02 EST"
"OCC","7017","Emt & Paramedics","","2018-11-09 20:56:02 EST"
"OCC","7018","Environmental Science & Protection Techs, Including Health","","2018-11-09 20:56:02 EST"
"OCC","7019","Equipment Operator: Skidsteer/Bobcat","","2018-11-09 20:56:02 EST"
"OCC","7020","Equipment Operator: Heavy","","2018-11-09 20:56:02 EST"
"OCC","7021","Explosives/Ordinance Worker","","2018-11-09 20:56:02 EST"
"OCC","7022","Fire Fighter","","2018-11-09 20:56:02 EST"
"OCC","7023","Fire Tender","","2018-11-09 20:56:02 EST"
"OCC","7024","Fish Farm Cleanup Worker","","2018-11-09 20:56:02 EST"
"OCC","7025","Flagman","","2018-11-09 20:56:02 EST"
"OCC","7026","Food Cleanup Worker","","2018-11-09 20:56:02 EST"
"OCC","7027","Hazardous Materials Removal Worker","","2018-11-09 20:56:02 EST"
"OCC","7028","Highway Maintenance Worker","","2018-11-09 20:56:02 EST"
"OCC","7029","Hydrologist","","2018-11-09 20:56:02 EST"
"OCC","7030","Law Enforcement: Police","","2018-11-09 20:56:02 EST"
"OCC","7031","Law Enforcement: (Not Police)","","2018-11-09 20:56:02 EST"
"OCC","7032","Limnologist","","2018-11-09 20:56:02 EST"
"OCC","7033","Military Personnel","","2018-11-09 20:56:02 EST"
"OCC","7034","Morgue Operator/Worker","","2018-11-09 20:56:02 EST"
"OCC","7035","Paving, Surfacing & Tamping Equipment Operator","","2018-11-09 20:56:02 EST"
"OCC","7036","Physician/Nurse","","2018-11-09 20:56:02 EST"
"OCC","7037","Pile-Driver Operator","","2018-11-09 20:56:02 EST"
"OCC","7038","Pipelayer","","2018-11-09 20:56:02 EST"
"OCC","7039","Plumbers, Pipefitters, & Steamfitters","","2018-11-09 20:56:02 EST"
"OCC","7040","Quality Assurance Inspector","","2018-11-09 20:56:02 EST"
"OCC","7041","Rail-Track Laying & Maintenance Equipment Operator)","","2018-11-09 20:56:02 EST"
"OCC","7042","Reinforcing Iron & Rebar Worker","","2018-11-09 20:56:02 EST"
"OCC","7043","Restoration: Communications","","2018-11-09 20:56:02 EST"
"OCC","7044","Restoration: Electric Power","","2018-11-09 20:56:02 EST"
"OCC","7045","Roofers: Helpers","","2018-11-09 20:56:02 EST"
"OCC","7046","Roof Repair: Blue Tarp","","2018-11-09 20:56:02 EST"
"OCC","7047","Roof Repair: Sheet Metal","","2018-11-09 20:56:02 EST"
"OCC","7048","Roof Repar:  Shingle","","2018-11-09 20:56:02 EST"
"OCC","7049","Shovel Crew","","2018-11-09 20:56:02 EST"
"OCC","7050","Spotter","","2018-11-09 20:56:02 EST"
"OCC","7051","Strctural Iron /& Steel Worker","","2018-11-09 20:56:02 EST"
"OCC","7052","Surveyor","","2018-11-09 20:56:02 EST"
"OCC","7053","Sweeper Operator","","2018-11-09 20:56:02 EST"
"OCC","7054","Telecomm: Equipment Install/Repair, Not Line Installer","","2018-11-09 20:56:02 EST"
"OCC","7055","Telecomm: Line Installers And Repairers","","2018-11-09 20:56:02 EST"
"OCC","7056","Truck Driver: Heavy/Tractor-Trailer","","2018-11-09 20:56:02 EST"
"OCC","7057","Waste/Debris Collector","","2018-11-09 20:56:02 EST"
"OCC","8000","Compliance Safety And Health Officer (Csho)","","2018-11-09 20:56:02 EST"
"OCC","9991","Not Applicable","","2018-11-09 20:56:02 EST"
"OPER","1","Backfilling and compacting","","2018-11-09 20:56:02 EST"
"OPER","2","Bituminous concrete placement","","2018-11-09 20:56:02 EST"
"OPER","3","Construction of playing fields, tennis courts","","2018-11-09 20:56:02 EST"
"OPER","4","Cutting concrete pavement","","2018-11-09 20:56:02 EST"
"OPER","5","Demolition","","2018-11-09 20:56:02 EST"
"OPER","6","Dredging","","2018-11-09 20:56:02 EST"
"OPER","7","Elevator, escalator installation","","2018-11-09 20:56:02 EST"
"OPER","8","Emplacing reinforcing steel","","2018-11-09 20:56:02 EST"
"OPER","9","Erecting structural steel","","2018-11-09 20:56:02 EST"
"OPER","10","Erection of coffer dams, caissons","","2018-11-09 20:56:02 EST"
"OPER","11","Excavation","","2018-11-09 20:56:02 EST"
"OPER","12","Exterior masonry","","2018-11-09 20:56:02 EST"
"OPER","13","Exterior cladding","","2018-11-09 20:56:02 EST"
"OPER","14","Exterior carpentry","","2018-11-09 20:56:02 EST"
"OPER","15","Exterior painting","","2018-11-09 20:56:02 EST"
"OPER","16","Fencing, installing lights, signs, etc.","","2018-11-09 20:56:02 EST"
"OPER","17","Fireproofing","","2018-11-09 20:56:02 EST"
"OPER","18","Forming","","2018-11-09 20:56:02 EST"
"OPER","19","Forming for piers or pylons","","2018-11-09 20:56:02 EST"
"OPER","20","Installing interior walls, ceilings, doors","","2018-11-09 20:56:02 EST"
"OPER","21","Installing metal siding","","2018-11-09 20:56:02 EST"
"OPER","22","Installing windows and doors, glazing","","2018-11-09 20:56:02 EST"
"OPER","23","Installing culverts and incidental drainage","","2018-11-09 20:56:02 EST"
"OPER","24","Installing equipment (HVAC and other)","","2018-11-09 20:56:02 EST"
"OPER","25","Installing plumbing, lighting fixtures","","2018-11-09 20:56:02 EST"
"OPER","26","Installing underground plumbing conduit","","2018-11-09 20:56:02 EST"
"OPER","27","Interior tile work (ceramic, vinyl, acoustic)","","2018-11-09 20:56:02 EST"
"OPER","28","Interior masonry","","2018-11-09 20:56:02 EST"
"OPER","29","Interior plumbing, ducting, electrical work","","2018-11-09 20:56:02 EST"
"OPER","30","Interior carpentry","","2018-11-09 20:56:02 EST"
"OPER","31","Interior painting and decorating","","2018-11-09 20:56:02 EST"
"OPER","32","Landscaping","","2018-11-09 20:56:02 EST"
"OPER","33","Loading dock forming and pouring","","2018-11-09 20:56:02 EST"
"OPER","34","Paving","","2018-11-09 20:56:02 EST"
"OPER","35","Pile driving","","2018-11-09 20:56:02 EST"
"OPER","36","Placing bridge deck","","2018-11-09 20:56:02 EST"
"OPER","37","Placing bridge girders and beams","","2018-11-09 20:56:02 EST"
"OPER","38","Plastering","","2018-11-09 20:56:02 EST"
"OPER","39","Pouring or installing floor decks","","2018-11-09 20:56:02 EST"
"OPER","40","Pouring concrete floor at grade","","2018-11-09 20:56:02 EST"
"OPER","41","Pouring concrete for piers, and pylons","","2018-11-09 20:56:02 EST"
"OPER","42","Pouring concrete foundations and walls","","2018-11-09 20:56:02 EST"
"OPER","43","Roofing","","2018-11-09 20:56:02 EST"
"OPER","44","Seawall construction, riprap placement","","2018-11-09 20:56:02 EST"
"OPER","45","Site clearing and grubbing","","2018-11-09 20:56:02 EST"
"OPER","46","Site grading and rock removal","","2018-11-09 20:56:02 EST"
"OPER","47","Stripping and curing concrete","","2018-11-09 20:56:02 EST"
"OPER","48","Surveying","","2018-11-09 20:56:02 EST"
"OPER","49","Swimming pool construction","","2018-11-09 20:56:02 EST"
"OPER","50","Temporary work (buildings, facilities)","","2018-11-09 20:56:02 EST"
"OPER","51","Traffic protection","","2018-11-09 20:56:02 EST"
"OPER","52","Trenching, installing pipe","","2018-11-09 20:56:02 EST"
"OPER","53","Waterproofing","","2018-11-09 20:56:02 EST"
"OPER","54","Steel Erection Of Solid Web-Connecting","","2018-11-09 20:56:02 EST"
"OPER","55","Steel Erection Of Solid Web-Bolting-Up/Detail Work","","2018-11-09 20:56:02 EST"
"OPER","56","Steel Erection Of Solid Web-Welding/Burning/Grindi","","2018-11-09 20:56:02 EST"
"OPER","57","Steel Erection Of Solid Web-Plumbing-Up","","2018-11-09 20:56:02 EST"
"OPER","58","Steel Erection Of Solid Web-Moving Point To Point","","2018-11-09 20:56:02 EST"
"OPER","59","Steel Erection Of Solid Web-Landing Materials (Hoi","","2018-11-09 20:56:02 EST"
"OPER","60","Steel Erection Of Open Web Steel Joists-Connecting","","2018-11-09 20:56:02 EST"
"OPER","61","Steel Erection Of Open Web Steel Joists-Bolting-Up","","2018-11-09 20:56:02 EST"
"OPER","62","Steel Erection Of Open Web Steel Joists-Welding/Bu","","2018-11-09 20:56:02 EST"
"OPER","63","Steel Erection Of Open Web Steel Joists-Plumbing-U","","2018-11-09 20:56:02 EST"
"OPER","64","Steel Erection Of Open Web Steel Joists-Moving Poi","","2018-11-09 20:56:02 EST"
"OPER","65","Steel Erection Of Open Web Steel Joists-Landing Ma","","2018-11-09 20:56:02 EST"
"OPER","66","Installation Of Decking-Initial Laying Deck (Incl","","2018-11-09 20:56:02 EST"
"OPER","67","Installation Of Decking-Final Attachment Deck (Wel","","2018-11-09 20:56:02 EST"
"OPER","68","Installation Of Decking-Flashing Of Decking","","2018-11-09 20:56:02 EST"
"OPER","69","Installation Of Decking-Hoisting Bundles","","2018-11-09 20:56:02 EST"
"OPER","70","Other Activities-Installing Ornamental And Archite","","2018-11-09 20:56:02 EST"
"OPER","71","Other Activities-Post Decking Detail Work","","2018-11-09 20:56:02 EST"
"PTYP","","New project or new addition","A","2018-11-09 20:56:02 EST"
"PTYP","","Alteration or rehabilitation","B","2018-11-09 20:56:02 EST"
"PTYP","","Other","E","2018-11-09 20:56:02 EST"
"PTYP","","Demolition","D","2018-11-09 20:56:02 EST"
"PTYP","","Maintenance or repair","C","2018-11-09 20:56:02 EST"
"SO","1","AIRCRAFT","","2018-11-09 20:56:02 EST"
"SO","2","AIR PRESSURE","","2018-11-09 20:56:02 EST"
"SO","3","ANIMAL/INS/REPT/ETC.","","2018-11-09 20:56:02 EST"
"SO","4","BOAT","","2018-11-09 20:56:02 EST"
"SO","5","BODILY MOTION","","2018-11-09 20:56:02 EST"
"SO","6","BOILER/PRESS VESSEL","","2018-11-09 20:56:02 EST"
"SO","7","BOXES/BARRELS, ETC.","","2018-11-09 20:56:02 EST"
"SO","8","BUILDINGS/STRUCTURES","","2018-11-09 20:56:02 EST"
"SO","9","CHEM LIQUIDS/VAPORS","","2018-11-09 20:56:02 EST"
"SO","10","CLEANING COMPOUND","","2018-11-09 20:56:02 EST"
"SO","11","COLD (ENVIR/MECH)","","2018-11-09 20:56:02 EST"
"SO","12","DIRT/SAND/STONE","","2018-11-09 20:56:02 EST"
"SO","13","DRUGS/ALCOHOL","","2018-11-09 20:56:02 EST"
"SO","14","DUST/PARTICLES/CHIPS","","2018-11-09 20:56:02 EST"
"SO","15","ELEC APPARAT/WIRING","","2018-11-09 20:56:02 EST"
"SO","16","FIRE/SMOKE","","2018-11-09 20:56:02 EST"
"SO","17","FOOD","","2018-11-09 20:56:02 EST"
"SO","18","FURNITURE/FURNISHING","","2018-11-09 20:56:02 EST"
"SO","19","GASES","","2018-11-09 20:56:02 EST"
"SO","20","GLASS","","2018-11-09 20:56:02 EST"
"SO","21","HAND TOOL (POWERED)","","2018-11-09 20:56:02 EST"
"SO","22","HAND TOOL (MANUAL)","","2018-11-09 20:56:02 EST"
"SO","23","HEAT (ENVIR/MECH)","","2018-11-09 20:56:02 EST"
"SO","24","HOISTING APPARATUS","","2018-11-09 20:56:02 EST"
"SO","25","LADDER","","2018-11-09 20:56:02 EST"
"SO","26","MACHINE","","2018-11-09 20:56:02 EST"
"SO","27","MATERIALS HANDLG EQ.","","2018-11-09 20:56:02 EST"
"SO","28","METAL PRODUCTS","","2018-11-09 20:56:02 EST"
"SO","29","MOTOR VEHICLE (HWY)","","2018-11-09 20:56:02 EST"
"SO","30","MOTOR VEHICLE(INDUS)","","2018-11-09 20:56:02 EST"
"SO","31","MOTORCYCLE","","2018-11-09 20:56:02 EST"
"SO","32","WIND/LIGHTNING, ETC.","","2018-11-09 20:56:02 EST"
"SO","33","FIREARM","","2018-11-09 20:56:02 EST"
"SO","34","PERSON","","2018-11-09 20:56:02 EST"
"SO","35","PETROLEUM PRODUCTS","","2018-11-09 20:56:02 EST"
"SO","36","PUMP/PRIME MOVER","","2018-11-09 20:56:02 EST"
"SO","37","RADIATION","","2018-11-09 20:56:02 EST"
"SO","38","TRAIN/RAILROAD EQUIP","","2018-11-09 20:56:02 EST"
"SO","39","VEGETATION","","2018-11-09 20:56:02 EST"
"SO","40","WASTE PRODUCTS","","2018-11-09 20:56:02 EST"
"SO","41","WATER","","2018-11-09 20:56:02 EST"
"SO","42","WORKING SURFACE","","2018-11-09 20:56:02 EST"
"SO","43","OTHER","","2018-11-09 20:56:02 EST"
"SO","44","FUME","","2018-11-09 20:56:02 EST"
"SO","45","MISTS","","2018-11-09 20:56:02 EST"
"SO","46","VIBRATION","","2018-11-09 20:56:02 EST"
"SO","47","NOISE","","2018-11-09 20:56:02 EST"
"SO","48","BIOLOGICAL AGENT","","2018-11-09 20:56:02 EST"
"TASK","1","Task regularly assigned","","2018-11-09 20:56:02 EST"
"TASK","2","Task not regularly assigned","","2018-11-09 20:56:02 EST"
"BD","1","ABDOMEN","","2018-11-09 20:56:00 EST"
"BD","2","ARM-MULT","","2018-11-09 20:56:00 EST"
"BD","3","BACK","","2018-11-09 20:56:00 EST"
"BD","4","BODYSYSTEM","","2018-11-09 20:56:00 EST"
"BD","5","CHEST","","2018-11-09 20:56:00 EST"
"BD","6","EAR(S)","","2018-11-09 20:56:00 EST"
"BD","7","ELBOW(S)","","2018-11-09 20:56:00 EST"
"BD","8","EYE(S)","","2018-11-09 20:56:00 EST"
"BD","9","FACE","","2018-11-09 20:56:00 EST"
"BD","10","FINGER(S)","","2018-11-09 20:56:00 EST"
"BD","11","FOOT/ANKLE","","2018-11-09 20:56:00 EST"
"BD","12","HAND(S)","","2018-11-09 20:56:00 EST"
"BD","13","HEAD","","2018-11-09 20:56:00 EST"
"BD","14","HIP(S)","","2018-11-09 20:56:00 EST"
"BD","15","KNEE(S)","","2018-11-09 20:56:00 EST"
"BD","16","LEGS","","2018-11-09 20:56:00 EST"
"BD","17","LOWER ARM","","2018-11-09 20:56:00 EST"
"BD","18","LOWER LEG","","2018-11-09 20:56:00 EST"
"BD","19","MULTIPLE","","2018-11-09 20:56:00 EST"
"BD","20","NECK","","2018-11-09 20:56:00 EST"
"BD","21","SHOULDER","","2018-11-09 20:56:00 EST"
"BD","22","UPPER ARM","","2018-11-09 20:56:00 EST"
"BD","23","UPPER LEG","","2018-11-09 20:56:00 EST"
"BD","24","WRIST(S)","","2018-11-09 20:56:00 EST"
"BD","25","BLOOD","","2018-11-09 20:56:00 EST"
"BD","26","KIDNEY","","2018-11-09 20:56:00 EST"
"BD","27","LIVER","","2018-11-09 20:56:00 EST"
"BD","28","LUNG","","2018-11-09 20:56:00 EST"
"BD","29","NERVE SYST","","2018-11-09 20:56:00 EST"
"BD","30","REPROD-SYS","","2018-11-09 20:56:00 EST"
"BD","31","OTHBODYSYS","","2018-11-09 20:56:00 EST"
"CAUS","1","Asphyxiation/inhalation of toxic vapor","","2018-11-09 20:56:00 EST"
"CAUS","2","Caught in stationary equipment","","2018-11-09 20:56:00 EST"
"CAUS","3","Collapse of structure","","2018-11-09 20:56:00 EST"
"CAUS","4","Crushed/run-over of non-operator by operating cons","","2018-11-09 20:56:00 EST"
"CAUS","5","Crushed/run-over/trapped of operator by operating","","2018-11-09 20:56:00 EST"
"CAUS","6","Crushed/run-over by construction equipment during","","2018-11-09 20:56:00 EST"
"CAUS","7","Crushed/run-over by highway vehicle","","2018-11-09 20:56:00 EST"
"CAUS","8","Electrocution by touching exposed wire/source","","2018-11-09 20:56:00 EST"
"CAUS","9","Electrocution by equipment contacting wire","","2018-11-09 20:56:00 EST"
"CAUS","10","Electrocution from equipment installation/tool use","","2018-11-09 20:56:00 EST"
"CAUS","11","Electric shock, other and unknown cause","","2018-11-09 20:56:00 EST"
"CAUS","12","Drown, non-lethal fall","","2018-11-09 20:56:00 EST"
"CAUS","13","Elevator (struck by elevator or counter-weights)","","2018-11-09 20:56:00 EST"
"CAUS","14","Fall from/with ladder","","2018-11-09 20:56:00 EST"
"CAUS","15","Fall from roof","","2018-11-09 20:56:00 EST"
"CAUS","16","Fall from/with scaffold","","2018-11-09 20:56:00 EST"
"CAUS","17","Fall from/with bucket (aerial lift/basket)","","2018-11-09 20:56:00 EST"
"CAUS","18","Fall from/with structure (other than roof)","","2018-11-09 20:56:00 EST"
"CAUS","19","Fall from/with platform catwalk (attached to struc","","2018-11-09 20:56:00 EST"
"CAUS","20","Fall through opening (other than roof)","","2018-11-09 20:56:00 EST"
"CAUS","21","Fall, other","","2018-11-09 20:56:00 EST"
"CAUS","22","Fall from vehicle (vehicle/construction equipment)","","2018-11-09 20:56:00 EST"
"CAUS","23","Fire/explosion","","2018-11-09 20:56:00 EST"
"CAUS","24","Heat/hypothermia","","2018-11-09 20:56:00 EST"
"CAUS","25","Lifting operations","","2018-11-09 20:56:00 EST"
"CAUS","26","Struck by falling object/projectile","","2018-11-09 20:56:00 EST"
"CAUS","27","Trench collapse","","2018-11-09 20:56:00 EST"
"CAUS","28","Unloading-loading equipment/material (except by cr","","2018-11-09 20:56:00 EST"
"CAUS","29","Wall (earthen) collapse","","2018-11-09 20:56:00 EST"
"CAUS","30","Other","","2018-11-09 20:56:00 EST"
"COST","","$50,000 to $250,000","B","2018-11-09 20:56:00 EST"
"COST","","Under $50,000","A","2018-11-09 20:56:00 EST"
"COST","","$5,000,000 to $20,000,000","F","2018-11-09 20:56:00 EST"
"COST","","$1,000,000 to $5,000,000","E","2018-11-09 20:56:00 EST"
"COST","","$500,000 to $1,000,000","D","2018-11-09 20:56:00 EST"
"COST","","$250,000 to $500,000","C","2018-11-09 20:56:00 EST"
"COST","","$20,000,000 and over","G","2018-11-09 20:56:00 EST"
"DEGR","1","Fatality","","2018-11-09 20:56:00 EST"
"DEGR","2","Hospitalized injury","","2018-11-09 20:56:00 EST"
"DEGR","3","Non Hospitalized injury","","2018-11-09 20:56:00 EST"
"EN","1","PINCH POINT ACTION","","2018-11-09 20:56:00 EST"
"EN","2","CATCH POINT/PUNCTURE ACTION","","2018-11-09 20:56:00 EST"
"EN","3","SHEAR POINT ACTION","","2018-11-09 20:56:00 EST"
"EN","4","SQUEEZE POINT ACTION","","2018-11-09 20:56:00 EST"
"EN","5","FLYING OBJECT ACTION","","2018-11-09 20:56:00 EST"
"EN","6","OVERHEAD MOVING/FALLING OBJ AC","","2018-11-09 20:56:00 EST"
"EN","7","GAS/VAPOR/MIST/FUME/SMOKE/DUST","","2018-11-09 20:56:00 EST"
"EN","8","MATERIALS HANDLG EQUIP./METHOD","","2018-11-09 20:56:00 EST"
"EN","9","CHEMICAL ACTION/REACTION EXPOS","","2018-11-09 20:56:00 EST"
"EN","10","FLAMMABLE LIQ/SOLID EXPOSURE","","2018-11-09 20:56:00 EST"
"EN","11","TEMPERATURE +/- TOLERANCE LEV.","","2018-11-09 20:56:00 EST"
"EN","12","RADIATION CONDITION","","2018-11-09 20:56:00 EST"
"EN","13","WORK-SURFACE/FACIL-LAYOUT COND","","2018-11-09 20:56:00 EST"
"EN","14","ILLUMINATION","","2018-11-09 20:56:00 EST"
"EN","15","OVERPRESSURE/UNDERPRESSURE","","2018-11-09 20:56:00 EST"
"EN","16","SOUND LEVEL","","2018-11-09 20:56:00 EST"
"EN","17","WEATHER, EARTHQUAKE, ETC.","","2018-11-09 20:56:00 EST"
"EN","18","OTHER","","2018-11-09 20:56:00 EST"
"ENDU","","Other heavy construction","P","2018-11-09 20:56:00 EST"
"ENDU","","Contractor's yard/facility","Q","2018-11-09 20:56:00 EST"
"ENDU","","Excavation, landfill","N","2018-11-09 20:56:00 EST"
"ENDU","","Pipeline","M","2018-11-09 20:56:00 EST"
"ENDU","","Shoreline development, dam, reservoir","L","2018-11-09 20:56:00 EST"
"ENDU","","Tower, tank, storage elevator","K","2018-11-09 20:56:00 EST"
"ENDU","","Bridge","J","2018-11-09 20:56:00 EST"
"ENDU","","Highway, road, street","I","2018-11-09 20:56:00 EST"
"ENDU","","Other building","H","2018-11-09 20:56:00 EST"
"ENDU","","Sewer/water treatment plant","G","2018-11-09 20:56:00 EST"
"ENDU","","Powerplant","F","2018-11-09 20:56:00 EST"
"ENDU","","Refinery","E","2018-11-09 20:56:00 EST"
"ENDU","","Manufacturing plant","D","2018-11-09 20:56:00 EST"
"ENDU","","Commercial building","C","2018-11-09 20:56:00 EST"
"ENDU","","Multi-family dwelling","B","2018-11-09 20:56:00 EST"
"ENDU","","Single family or duplex dwelling","A","2018-11-09 20:56:00 EST"
"ENDU","","Powerline, transmission line","O","2018-11-09 20:56:00 EST"
"FT","1","STRUCK BY","","2018-11-09 20:56:00 EST"
"FT","2","CAUGHT IN OR BETWEEN","","2018-11-09 20:56:00 EST"
"FT","3","BITE/STING/SCRATCH","","2018-11-09 20:56:00 EST"
"FT","4","FALL(SAME LEVEL)","","2018-11-09 20:56:00 EST"
"FT","5","FALL(FROM ELEVATION)","","2018-11-09 20:56:00 EST"
"FT","6","STRUCK AGAINST","","2018-11-09 20:56:00 EST"
"FT","7","RUBBED/ABRADED","","2018-11-09 20:56:00 EST"
"FT","8","INHALATION","","2018-11-09 20:56:00 EST"
"FT","9","INGESTION","","2018-11-09 20:56:00 EST"
"FT","10","ABSORPTION","","2018-11-09 20:56:00 EST"
"FT","11","REP. MOTION/PRESURE","","2018-11-09 20:56:00 EST"
"FT","12","CARD-VASC/RESP FAIL.","","2018-11-09 20:56:00 EST"
"FT","13","SHOCK","","2018-11-09 20:56:00 EST"
"FT","14","OTHER","","2018-11-09 20:56:00 EST"
"HU","1","MISJUDGMENT, HAZ. SITUATION","","2018-11-09 20:56:00 EST"
"HU","2","NO PERSONAL PROTECTIVE EQ USED","","2018-11-09 20:56:00 EST"
"HU","3","NO APPROPR PROTECTIVE CLOTHING","","2018-11-09 20:56:00 EST"
"HU","4","MALFUNC IN SECURING/WARNING OP","","2018-11-09 20:56:00 EST"
"HU","5","DISTRACTING ACTIONS BY OTHERS","","2018-11-09 20:56:00 EST"
"HU","6","EQUIP. INAPPROPR FOR OPERATION","","2018-11-09 20:56:00 EST"
"HU","7","MALFUNC, NEUROMUSCULAR SYSTEM","","2018-11-09 20:56:00 EST"
"HU","8","PERCEPTION MALFUNC,TASK-ENVIR.","","2018-11-09 20:56:00 EST"
"HU","9","SAFETY DEVICES REMOVED/INOPER.","","2018-11-09 20:56:00 EST"
"HU","10","POSITION INAPROPRIATE FOR TASK","","2018-11-09 20:56:00 EST"
"HU","11","MATER-HANDLG PROCED. INAPPROPR","","2018-11-09 20:56:00 EST"
"HU","12","DEFECTIVE EQUIPMENT IN USE","","2018-11-09 20:56:00 EST"
"HU","13","LOCKOUT/TAGOUT PROCED MALFUNC","","2018-11-09 20:56:00 EST"
"HU","14","OTHER","","2018-11-09 20:56:00 EST"
"HU","15","INSUFF/LACK/HOUSEKEEPING PROGRAM","","2018-11-09 20:56:00 EST"
"HU","16","INSUFF/LACK/EXPOS/BIOLOGCL MNTRG.","","2018-11-09 20:56:00 EST"
"HU","17","INSUFF/LACK/ENGINEERNG CONTROLS","","2018-11-09 20:56:00 EST"
"HU","18","INSUFF/LACK/WRITN WRK PRAC PROG.","","2018-11-09 20:56:00 EST"
"HU","19","INSUFF/LACK/RESPIRATORY PROCTECT","","2018-11-09 20:56:00 EST"
"HU","20","INSUF/LACK/PROTCV WRK CLTHG/EQUIP","","2018-11-09 20:56:00 EST"
"IN","1","Amputation","","2018-11-09 20:56:00 EST"
"IN","2","Asphyxia","","2018-11-09 20:56:00 EST"
"IN","3","Bruise/Contus/Abras","","2018-11-09 20:56:00 EST"
"IN","4","Burn(Chemical)","","2018-11-09 20:56:00 EST"
"IN","5","Burn/Scald(Heat)","","2018-11-09 20:56:00 EST"
"IN","6","Concussion","","2018-11-09 20:56:00 EST"
"IN","7","Cut/Laceration","","2018-11-09 20:56:00 EST"
"IN","8","Dermatitis","","2018-11-09 20:56:00 EST"
"IN","9","Dislocation","","2018-11-09 20:56:00 EST"
"IN","10","Electric Shock","","2018-11-09 20:56:00 EST"
"IN","11","Foreign Body Ineye","","2018-11-09 20:56:00 EST"
"IN","12","Fracture","","2018-11-09 20:56:00 EST"
"IN","13","Freezing/Frost Bite","","2018-11-09 20:56:00 EST"
"IN","14","Hearing Loss","","2018-11-09 20:56:00 EST"
"IN","15","Heat Exhaustion","","2018-11-09 20:56:00 EST"
"IN","16","Hernia","","2018-11-09 20:56:00 EST"
"IN","17","Poisoning(Systemic)","","2018-11-09 20:56:00 EST"
"IN","18","Puncture","","2018-11-09 20:56:00 EST"
"IN","19","Radiation Effects","","2018-11-09 20:56:00 EST"
"IN","20","Strain/Sprain","","2018-11-09 20:56:00 EST"
"IN","21","Other","","2018-11-09 20:56:00 EST"
"IN","22","Cancer","","2018-11-09 20:56:00 EST"
"OCC","0","Occupation Not Listed","","2018-11-09 20:56:00 EST"
"OCC","3","Legislators","","2018-11-09 20:56:00 EST"
"OCC","4","Chief exec's & gen'l administrators, public admin.","","2018-11-09 20:56:00 EST"
"OCC","5","Administrators & officials, public administration","","2018-11-09 20:56:00 EST"
"OCC","6","Administrators, protective services","","2018-11-09 20:56:00 EST"
"OCC","7","Financial managers","","2018-11-09 20:56:00 EST"
"OCC","8","Personnel and labor relations managers","","2018-11-09 20:56:00 EST"
"OCC","9","Purchasing managers","","2018-11-09 20:56:00 EST"
"OCC","13","Managers, marketing, advertising, & public rela.","","2018-11-09 20:56:00 EST"
"OCC","14","Administrators, education and related fields","","2018-11-09 20:56:00 EST"
"OCC","15","Managers, medicine and health","","2018-11-09 20:56:00 EST"
"OCC","16","Managers, properties and real estate","","2018-11-09 20:56:00 EST"
"OCC","17","Postmasters and mail superintendents","","2018-11-09 20:56:00 EST"
"OCC","18","Funeral directors","","2018-11-09 20:56:00 EST"
"OCC","19","Managers and administrators, n.e.c","","2018-11-09 20:56:01 EST"
"OCC","22","Managers And Administrators, N.E.C","","2018-11-09 20:56:01 EST"
"OCC","23","Accountants and auditors","","2018-11-09 20:56:01 EST"
"OCC","24","Underwriters","","2018-11-09 20:56:01 EST"
"OCC","25","Other financial officers","","2018-11-09 20:56:01 EST"
"OCC","26","Management Analysts","","2018-11-09 20:56:01 EST"
"OCC","27","Personnel, training & labor relations specialists","","2018-11-09 20:56:01 EST"
"OCC","28","Purchasing agents and buyers, farm products","","2018-11-09 20:56:01 EST"
"OCC","29","Buyers, wholesale & retail trade except farm prod.","","2018-11-09 20:56:01 EST"
"OCC","33","Purchasing agents and buyers n.e.c.","","2018-11-09 20:56:01 EST"
"OCC","34","Business and promotion agents","","2018-11-09 20:56:01 EST"
"OCC","35","Construction inspectors","","2018-11-09 20:56:01 EST"
"OCC","36","Inspectors and compliance officers except constr.","","2018-11-09 20:56:01 EST"
"OCC","37","Management related occupations, n.e.c.","","2018-11-09 20:56:01 EST"
"OCC","43","Architects","","2018-11-09 20:56:01 EST"
"OCC","44","Aerospace engineers","","2018-11-09 20:56:01 EST"
"OCC","45","Metallurgical and materials engineers","","2018-11-09 20:56:01 EST"
"OCC","46","Mining engineers","","2018-11-09 20:56:01 EST"
"OCC","47","Petroleum engineers","","2018-11-09 20:56:01 EST"
"OCC","48","Chemical engineers","","2018-11-09 20:56:01 EST"
"OCC","49","Nuclear engineers","","2018-11-09 20:56:01 EST"
"OCC","53","Civil engineers","","2018-11-09 20:56:01 EST"
"OCC","54","Agricultural engineers","","2018-11-09 20:56:01 EST"
"OCC","55","Electrical and electronic engineers","","2018-11-09 20:56:01 EST"
"OCC","56","Industrial engineers","","2018-11-09 20:56:01 EST"
"OCC","57","Mechanical engineers","","2018-11-09 20:56:01 EST"
"OCC","58","Marine engineers and naval architects","","2018-11-09 20:56:01 EST"
"OCC","59","Engineers, n.e.c.","","2018-11-09 20:56:01 EST"
"OCC","63","Surveyors and mapping scientists","","2018-11-09 20:56:01 EST"
"OCC","64","Computer systems analysts and scientists","","2018-11-09 20:56:01 EST"
"OCC","65","Operations & systems researchers and analysts","","2018-11-09 20:56:01 EST"
"OCC","66","Actuaries","","2018-11-09 20:56:01 EST"
"OCC","67","Statisticians","","2018-11-09 20:56:01 EST"
"OCC","68","Mathematical scientists, n.e.c.","","2018-11-09 20:56:01 EST"
"OCC","69","Physicists and astronomers","","2018-11-09 20:56:01 EST"
"OCC","73","Chemists, except biochemists","","2018-11-09 20:56:01 EST"
"OCC","74","Atmospheric and space scientists","","2018-11-09 20:56:01 EST"
"OCC","75","Geologists and geodesists","","2018-11-09 20:56:01 EST"
"OCC","76","Physical scientists, n.e.c.","","2018-11-09 20:56:01 EST"
"OCC","77","Agricultural and food scientists","","2018-11-09 20:56:01 EST"
"OCC","78","Biological and life scientists","","2018-11-09 20:56:01 EST"
"OCC","79","Forestry and conservation scientists","","2018-11-09 20:56:01 EST"
"OCC","83","Medical scientists","","2018-11-09 20:56:01 EST"
"OCC","84","Physicians","","2018-11-09 20:56:01 EST"
"OCC","85","Dentists","","2018-11-09 20:56:01 EST"
"OCC","86","Veterinarians","","2018-11-09 20:56:01 EST"
"OCC","87","Optometrists","","2018-11-09 20:56:01 EST"
"OCC","88","Podiatrists","","2018-11-09 20:56:01 EST"
"OCC","89","Health diagnosing practitioners, n.e.c.","","2018-11-09 20:56:01 EST"
"OCC","95","Registered nurses","","2018-11-09 20:56:01 EST"
"OCC","96","Pharmacists","","2018-11-09 20:56:01 EST"
"OCC","97","Dieticians","","2018-11-09 20:56:01 EST"
"OCC","98","Inhalation therapists","","2018-11-09 20:56:01 EST"
"OCC","99","Occupational therapists","","2018-11-09 20:56:01 EST"
"OCC","103","Physical therapists","","2018-11-09 20:56:01 EST"
"OCC","104","Speech therapists","","2018-11-09 20:56:01 EST"
"OCC","105","Therapists, n.e.c.","","2018-11-09 20:56:01 EST"
"OCC","106","Physician's assistants","","2018-11-09 20:56:01 EST"
"OCC","113","Earth, environmental & marine science teachers","","2018-11-09 20:56:01 EST"
"OCC","114","Biological science teachers","","2018-11-09 20:56:01 EST"
"OCC","115","Chemistry teachers","","2018-11-09 20:56:01 EST"
"OCC","116","Physics teachers","","2018-11-09 20:56:01 EST"
"OCC","117","Natural science teachers, n.e.c.","","2018-11-09 20:56:01 EST"
"OCC","118","Psychology teachers","","2018-11-09 20:56:01 EST"
"OCC","119","Economics teachers","","2018-11-09 20:56:01 EST"
"OCC","123","History teachers","","2018-11-09 20:56:01 EST"
"OCC","124","Political science teachers","","2018-11-09 20:56:01 EST"
"OCC","125","Sociology teachers","","2018-11-09 20:56:01 EST"
"OCC","126","Social science teachers, n.e.c.","","2018-11-09 20:56:01 EST"
"OCC","127","Engineering teachers","","2018-11-09 20:56:01 EST"
"OCC","128","Mathematical science teachers","","2018-11-09 20:56:01 EST"
"OCC","129","Computer science teachers","","2018-11-09 20:56:01 EST"
"OCC","133","Medical science teachers","","2018-11-09 20:56:01 EST"
"OCC","134","Health specialties teachers","","2018-11-09 20:56:01 EST"
"OCC","135","Business, commerce and marketing teachers","","2018-11-09 20:56:01 EST"
"OCC","136","Agriculture and forestry teachers","","2018-11-09 20:56:01 EST"
"OCC","137","Art, drama and music teachers","","2018-11-09 20:56:01 EST"
"OCC","138","Physical education teachers","","2018-11-09 20:56:01 EST"
"OCC","139","Education teachers","","2018-11-09 20:56:01 EST"
"OCC","143","English teachers","","2018-11-09 20:56:01 EST"
"OCC","144","Foreign language teachers","","2018-11-09 20:56:01 EST"
"OCC","145","Law teachers","","2018-11-09 20:56:01 EST"
"OCC","146","Social work teachers","","2018-11-09 20:56:01 EST"
"OCC","147","Theology teachers","","2018-11-09 20:56:01 EST"
"OCC","148","Trade and industrial teachers","","2018-11-09 20:56:01 EST"
"OCC","149","Home economics teachers","","2018-11-09 20:56:01 EST"
"OCC","153","Teachers, postsecondary, n.e.c.","","2018-11-09 20:56:01 EST"
"OCC","154","Postsecondary teachers, subject not specified","","2018-11-09 20:56:01 EST"
"OCC","155","Teachers, prekindergarten and kindergarten","","2018-11-09 20:56:01 EST"
"OCC","156","Teachers, elementary school","","2018-11-09 20:56:01 EST"
"OCC","157","Teachers, secondary school","","2018-11-09 20:56:01 EST"
"OCC","158","Teachers, special education","","2018-11-09 20:56:01 EST"
"OCC","159","Teachers, n.e.c.","","2018-11-09 20:56:01 EST"
"OCC","163","Counselors, educational and vocational","","2018-11-09 20:56:01 EST"
"OCC","164","Librarians","","2018-11-09 20:56:01 EST"
"OCC","165","Archivists and curators","","2018-11-09 20:56:01 EST"
"OCC","166","Economists","","2018-11-09 20:56:01 EST"
"OCC","167","Psychologists","","2018-11-09 20:56:01 EST"
"OCC","168","Sociologists","","2018-11-09 20:56:01 EST"
"OCC","169","Social scientists, n.e.c.","","2018-11-09 20:56:01 EST"
"OCC","173","Urban planners","","2018-11-09 20:56:01 EST"
"OCC","174","Social workers","","2018-11-09 20:56:01 EST"
"OCC","175","Recreation workers","","2018-11-09 20:56:01 EST"
"OCC","176","Clergy","","2018-11-09 20:56:01 EST"
"OCC","177","Religious workers, n.e.c.","","2018-11-09 20:56:01 EST"
"OCC","178","Lawyers","","2018-11-09 20:56:01 EST"
"OCC","179","Judges","","2018-11-09 20:56:01 EST"
"OCC","183","Authors","","2018-11-09 20:56:01 EST"
"OCC","184","Technical writers","","2018-11-09 20:56:01 EST"
"OCC","185","Designers","","2018-11-09 20:56:01 EST"
"OCC","186","Musicians and composers","","2018-11-09 20:56:01 EST"
"OCC","187","Actors and directors","","2018-11-09 20:56:01 EST"
"OCC","188","Painters, sculptors, craft-artists & printmakers","","2018-11-09 20:56:01 EST"
"OCC","189","Photographers","","2018-11-09 20:56:01 EST"
"OCC","193","Dancers","","2018-11-09 20:56:01 EST"
"OCC","194","Artists, performers and related workers n.e.c.","","2018-11-09 20:56:01 EST"
"OCC","195","Editors and reporters","","2018-11-09 20:56:01 EST"
"OCC","197","Public relations specialists","","2018-11-09 20:56:01 EST"
"OCC","198","Announcers","","2018-11-09 20:56:01 EST"
"OCC","199","Athletes","","2018-11-09 20:56:01 EST"
"OCC","203","Clinical Laboratory technologists and technicians","","2018-11-09 20:56:01 EST"
"OCC","204","Dental Hygienists","","2018-11-09 20:56:01 EST"
"OCC","205","Health record technologists and technicians","","2018-11-09 20:56:01 EST"
"OCC","206","Radiologic technicians","","2018-11-09 20:56:01 EST"
"OCC","207","Licensed practical nurses","","2018-11-09 20:56:01 EST"
"OCC","208","Health technologists and technicians, n.e.c.","","2018-11-09 20:56:01 EST"
"OCC","213","Electrical and electronic technicians","","2018-11-09 20:56:01 EST"
"OCC","214","Industrial engineering technicians","","2018-11-09 20:56:01 EST"
"OCC","215","Mechanical engineering technicians","","2018-11-09 20:56:01 EST"
"OCC","216","Engineering technicians, n.e.c.","","2018-11-09 20:56:01 EST"
"OCC","217","Drafting occupations","","2018-11-09 20:56:01 EST"
"OCC","218","Surveying and mapping technicians","","2018-11-09 20:56:01 EST"
"OCC","223","Biological technicians","","2018-11-09 20:56:01 EST"
"OCC","224","Chemical technicians","","2018-11-09 20:56:01 EST"
"OCC","225","Science technicians, n.e.c.","","2018-11-09 20:56:01 EST"
"OCC","226","Airplane pilots and navigators","","2018-11-09 20:56:01 EST"
"OCC","227","Air traffic controllers","","2018-11-09 20:56:01 EST"
"OCC","228","Broadcast equipment operators","","2018-11-09 20:56:01 EST"
"OCC","229","Computer programmers","","2018-11-09 20:56:01 EST"
"OCC","233","Tool programmers, numerical control","","2018-11-09 20:56:01 EST"
"OCC","234","Legal assistants","","2018-11-09 20:56:01 EST"
"OCC","235","Technicians, n.e.c.","","2018-11-09 20:56:01 EST"
"OCC","243","Supervisors and proprietors, sales occupations","","2018-11-09 20:56:01 EST"
"OCC","253","Insurance sales occupations","","2018-11-09 20:56:01 EST"
"OCC","254","Real estate sales occupations","","2018-11-09 20:56:01 EST"
"OCC","255","Securities and financial services occupations","","2018-11-09 20:56:01 EST"
"OCC","256","Advertising and related sales occupations","","2018-11-09 20:56:01 EST"
"OCC","257","Sales occupations, other business services","","2018-11-09 20:56:01 EST"
"OCC","258","Sales engineers","","2018-11-09 20:56:01 EST"
"OCC","259","Sales representatives, mining, mfg., & wholesale","","2018-11-09 20:56:01 EST"
"OCC","263","Sales workers, motor vehicles and boats","","2018-11-09 20:56:01 EST"
"OCC","264","Sales workers, apparel","","2018-11-09 20:56:01 EST"
"OCC","265","Sales workers, shoes","","2018-11-09 20:56:01 EST"
"OCC","266","Sales workers, furniture and home furnishings","","2018-11-09 20:56:01 EST"
"OCC","267","Sales workers, radio, TV, hi-fi and appliances","","2018-11-09 20:56:01 EST"
"OCC","268","Sales workers, hardware and building supplies","","2018-11-09 20:56:01 EST"
"OCC","269","Sales workers, parts","","2018-11-09 20:56:01 EST"
"OCC","274","Sales workers, other commodities","","2018-11-09 20:56:01 EST"
"OCC","275","Sales counter clerks","","2018-11-09 20:56:01 EST"
"OCC","276","Cashiers","","2018-11-09 20:56:01 EST"
"OCC","277","Street and door-to-door sales workers","","2018-11-09 20:56:01 EST"
"OCC","278","News Vendors","","2018-11-09 20:56:01 EST"
"OCC","283","Demonstrators, promoters and models, sales","","2018-11-09 20:56:01 EST"
"OCC","284","Auctioneers","","2018-11-09 20:56:01 EST"
"OCC","285","Sales support occupations, n.e.c.","","2018-11-09 20:56:01 EST"
"OCC","303","Supervisors, general office","","2018-11-09 20:56:01 EST"
"OCC","304","Supervisors, computer equipment operators","","2018-11-09 20:56:01 EST"
"OCC","305","Supervisors, financial records processing","","2018-11-09 20:56:01 EST"
"OCC","306","Chief communications operators","","2018-11-09 20:56:01 EST"
"OCC","307","Supervisors; distrib., sched'g & adjusting clerks","","2018-11-09 20:56:01 EST"
"OCC","308","Computer operators","","2018-11-09 20:56:01 EST"
"OCC","309","Peripheral equipment operators","","2018-11-09 20:56:01 EST"
"OCC","313","Secretaries","","2018-11-09 20:56:01 EST"
"OCC","314","Stenographers","","2018-11-09 20:56:01 EST"
"OCC","315","Typists","","2018-11-09 20:56:01 EST"
"OCC","316","Interviewers","","2018-11-09 20:56:01 EST"
"OCC","317","Hotel clerks","","2018-11-09 20:56:01 EST"
"OCC","318","Transportation ticket and reservation agents","","2018-11-09 20:56:01 EST"
"OCC","319","Receptionists","","2018-11-09 20:56:01 EST"
"OCC","323","Information clerks, n.e.c.","","2018-11-09 20:56:01 EST"
"OCC","325","Classified-ad clerks","","2018-11-09 20:56:01 EST"
"OCC","326","Correspondence clerks","","2018-11-09 20:56:01 EST"
"OCC","327","Order clerks","","2018-11-09 20:56:01 EST"
"OCC","328","Personnel clerks, except payroll and timekeeping","","2018-11-09 20:56:01 EST"
"OCC","329","Library clerks","","2018-11-09 20:56:01 EST"
"OCC","335","File clerks","","2018-11-09 20:56:01 EST"
"OCC","336","Records clerks","","2018-11-09 20:56:01 EST"
"OCC","337","Bookkeepers, accounting and auditing clerks","","2018-11-09 20:56:01 EST"
"OCC","338","Payroll and timekeeping clerks","","2018-11-09 20:56:01 EST"
"OCC","339","Billing clerks","","2018-11-09 20:56:01 EST"
"OCC","343","Cost and rate clerks","","2018-11-09 20:56:01 EST"
"OCC","344","Billing, posting and calculating machine operators","","2018-11-09 20:56:01 EST"
"OCC","345","Duplicating machine operators","","2018-11-09 20:56:01 EST"
"OCC","346","Mail preparing & paper handling machine operators","","2018-11-09 20:56:01 EST"
"OCC","347","Office machine operators, n.e.c.","","2018-11-09 20:56:01 EST"
"OCC","348","Telephone operators","","2018-11-09 20:56:01 EST"
"OCC","349","Telegraphers","","2018-11-09 20:56:01 EST"
"OCC","353","Communications equipment operators, n.e.c.","","2018-11-09 20:56:01 EST"
"OCC","354","Postal clerks, excluding mail carriers","","2018-11-09 20:56:01 EST"
"OCC","355","Mail carriers, postal service","","2018-11-09 20:56:01 EST"
"OCC","356","Mail clerks, excluding postal service","","2018-11-09 20:56:01 EST"
"OCC","357","Messengers","","2018-11-09 20:56:01 EST"
"OCC","359","Dispatchers","","2018-11-09 20:56:01 EST"
"OCC","363","Production coordinators","","2018-11-09 20:56:01 EST"
"OCC","364","Traffic, shipping and receiving clerks","","2018-11-09 20:56:01 EST"
"OCC","365","Stock and inventory clerks","","2018-11-09 20:56:01 EST"
"OCC","366","Meter readers","","2018-11-09 20:56:01 EST"
"OCC","368","Weighers, measurers and checkers","","2018-11-09 20:56:01 EST"
"OCC","369","Samplers","","2018-11-09 20:56:01 EST"
"OCC","373","Expediters","","2018-11-09 20:56:01 EST"
"OCC","374","Material recording, sched'g & distr. clerks n.e.c.","","2018-11-09 20:56:01 EST"
"OCC","375","Insurance adjusters, examiners and investigators","","2018-11-09 20:56:01 EST"
"OCC","376","Investigators and adjusters, except insurance","","2018-11-09 20:56:01 EST"
"OCC","377","Eligibility clerks, social welfare","","2018-11-09 20:56:01 EST"
"OCC","378","Bill and account collectors","","2018-11-09 20:56:01 EST"
"OCC","379","General office clerks","","2018-11-09 20:56:01 EST"
"OCC","383","Bank tellers","","2018-11-09 20:56:01 EST"
"OCC","384","Proofreaders","","2018-11-09 20:56:01 EST"
"OCC","385","Data-entry keyers","","2018-11-09 20:56:01 EST"
"OCC","386","Statistical clerks","","2018-11-09 20:56:01 EST"
"OCC","387","Teachers' aides","","2018-11-09 20:56:01 EST"
"OCC","389","Administrative support occupations, n.e.c.","","2018-11-09 20:56:01 EST"
"OCC","403","Launderers and ironers","","2018-11-09 20:56:01 EST"
"OCC","404","Cooks, private household","","2018-11-09 20:56:01 EST"
"OCC","405","Housekeepers and butlers","","2018-11-09 20:56:01 EST"
"OCC","406","Child care workers, private household","","2018-11-09 20:56:01 EST"
"OCC","407","Private household cleaners and servants","","2018-11-09 20:56:01 EST"
"OCC","413","Supervisors, firefighting & fire prevention occupa","","2018-11-09 20:56:01 EST"
"OCC","414","Supervisors, police and detectives","","2018-11-09 20:56:01 EST"
"OCC","415","Supervisors, guards","","2018-11-09 20:56:01 EST"
"OCC","416","Fire inspection and fire prevention occupations","","2018-11-09 20:56:01 EST"
"OCC","417","Firefighting occupations","","2018-11-09 20:56:01 EST"
"OCC","418","Police and detectives, public service","","2018-11-09 20:56:01 EST"
"OCC","423","Sheriffs, bailiffs, other law enforcement officers","","2018-11-09 20:56:01 EST"
"OCC","424","Correctional institution officers","","2018-11-09 20:56:01 EST"
"OCC","425","Crossing guards","","2018-11-09 20:56:01 EST"
"OCC","426","Guards and police, excluding public service","","2018-11-09 20:56:01 EST"
"OCC","427","Protective service occupations, n.e.c.","","2018-11-09 20:56:01 EST"
"OCC","433","Supervisors, food preparation & service occupation","","2018-11-09 20:56:01 EST"
"OCC","434","Bartenders","","2018-11-09 20:56:01 EST"
"OCC","435","Waiters and waitresses","","2018-11-09 20:56:01 EST"
"OCC","436","Cooks, except short order","","2018-11-09 20:56:01 EST"
"OCC","437","Short-order cooks","","2018-11-09 20:56:01 EST"
"OCC","438","Food counter, fountain and related occupations","","2018-11-09 20:56:01 EST"
"OCC","439","Kitchen workers, food preparation","","2018-11-09 20:56:01 EST"
"OCC","443","Waiters'/waitresses' assistants","","2018-11-09 20:56:01 EST"
"OCC","444","Miscelaneous food preparation occupations","","2018-11-09 20:56:01 EST"
"OCC","445","Dental assistants","","2018-11-09 20:56:01 EST"
"OCC","446","Health aides, except nursing","","2018-11-09 20:56:01 EST"
"OCC","447","Nursing aides, orderlies, and attendants","","2018-11-09 20:56:01 EST"
"OCC","448","Supervisors, cleaning and building service workers","","2018-11-09 20:56:01 EST"
"OCC","449","Maids and housemen","","2018-11-09 20:56:01 EST"
"OCC","453","Janitors and cleaners","","2018-11-09 20:56:01 EST"
"OCC","454","Elevator operators","","2018-11-09 20:56:01 EST"
"OCC","455","Pest control occupations","","2018-11-09 20:56:01 EST"
"OCC","456","Supervisors, personal service occupations","","2018-11-09 20:56:01 EST"
"OCC","457","Barbers","","2018-11-09 20:56:01 EST"
"OCC","458","Hairdresssers and cosmetologists","","2018-11-09 20:56:01 EST"
"OCC","459","Attendants, amusement and recreation facilities","","2018-11-09 20:56:01 EST"
"OCC","461","Guides","","2018-11-09 20:56:01 EST"
"OCC","462","Ushers","","2018-11-09 20:56:01 EST"
"OCC","463","Guides","","2018-11-09 20:56:01 EST"
"OCC","464","Ushers","","2018-11-09 20:56:01 EST"
"OCC","465","Public transportation attendants","","2018-11-09 20:56:01 EST"
"OCC","466","Baggage porters and bellhops","","2018-11-09 20:56:01 EST"
"OCC","467","Welfare service aides","","2018-11-09 20:56:01 EST"
"OCC","468","Child care workers, except private household","","2018-11-09 20:56:01 EST"
"OCC","469","Personal service occupations, n.e.c.","","2018-11-09 20:56:01 EST"
"OCC","473","Farmers, except horticultural","","2018-11-09 20:56:01 EST"
"OCC","474","Horticultural specialty farmers","","2018-11-09 20:56:01 EST"
"OCC","475","Managers, farms, except horticultural","","2018-11-09 20:56:01 EST"
"OCC","476","Managers, horticultural specialty farms","","2018-11-09 20:56:01 EST"
"OCC","477","Supervisors, farm workers","","2018-11-09 20:56:01 EST"
"OCC","479","Farm workers","","2018-11-09 20:56:01 EST"
"OCC","483","Marine life cultivation workers","","2018-11-09 20:56:01 EST"
"OCC","484","Nursery workers","","2018-11-09 20:56:01 EST"
"OCC","485","Supervisors, related agricultural occupations","","2018-11-09 20:56:01 EST"
"OCC","486","Groundskeepers and gardeners, except farm","","2018-11-09 20:56:01 EST"
"OCC","487","Animal caretakers, except farm","","2018-11-09 20:56:01 EST"
"OCC","488","Graders and sorters, agricultural products","","2018-11-09 20:56:01 EST"
"OCC","489","Inspectors, agricultural products","","2018-11-09 20:56:01 EST"
"OCC","494","Supervisors, forestry and logging workers","","2018-11-09 20:56:01 EST"
"OCC","495","Forestry workers, except logging","","2018-11-09 20:56:01 EST"
"OCC","496","Timber cutting and logging occupations","","2018-11-09 20:56:01 EST"
"OCC","497","Captains and other officers, fishing vessels","","2018-11-09 20:56:01 EST"
"OCC","498","Fishers","","2018-11-09 20:56:01 EST"
"OCC","499","Hunters and trappers","","2018-11-09 20:56:01 EST"
"OCC","503","Supervisors, mechanics and repairers","","2018-11-09 20:56:01 EST"
"OCC","505","Automobile mechanics","","2018-11-09 20:56:01 EST"
"OCC","506","Automobile mechanic apprentices","","2018-11-09 20:56:01 EST"
"OCC","507","Bus, truck and stationary engine mechanics","","2018-11-09 20:56:01 EST"
"OCC","508","Aircraft engine mechanics","","2018-11-09 20:56:01 EST"
"OCC","509","Small engine repairers","","2018-11-09 20:56:01 EST"
"OCC","514","Automobile body and related repairers","","2018-11-09 20:56:01 EST"
"OCC","515","Aircraft mechanics, excluding engine","","2018-11-09 20:56:01 EST"
"OCC","516","Heavy equipment mechanics","","2018-11-09 20:56:01 EST"
"OCC","517","Farm equipment mechanics","","2018-11-09 20:56:01 EST"
"OCC","518","Industrial machinery repairers","","2018-11-09 20:56:01 EST"
"OCC","519","Machinery maintenance occupations","","2018-11-09 20:56:01 EST"
"OCC","523","Electronic repairers, communica. & indus. equip.","","2018-11-09 20:56:01 EST"
"OCC","525","Data processing equipment repairers","","2018-11-09 20:56:01 EST"
"OCC","526","Household appliance and power tool repairers","","2018-11-09 20:56:01 EST"
"OCC","527","Telephone line installers and repairers","","2018-11-09 20:56:01 EST"
"OCC","529","Telephone installers and repairers","","2018-11-09 20:56:01 EST"
"OCC","533","Misc. electrical & electronic equipment repairers","","2018-11-09 20:56:01 EST"
"OCC","534","Heating, air conditioning, and refrig. mechanics","","2018-11-09 20:56:01 EST"
"OCC","535","Camera, watch and musical instrument repairers","","2018-11-09 20:56:01 EST"
"OCC","536","Locksmiths and safe repairers","","2018-11-09 20:56:01 EST"
"OCC","538","Office machine repairers","","2018-11-09 20:56:01 EST"
"OCC","539","Mechanical controls and valve repairers","","2018-11-09 20:56:01 EST"
"OCC","543","Elevator installers and repairers","","2018-11-09 20:56:01 EST"
"OCC","544","Millwrights","","2018-11-09 20:56:01 EST"
"OCC","547","Specified mechanics and repairers","","2018-11-09 20:56:01 EST"
"OCC","549","Not specified mechanics and repairers","","2018-11-09 20:56:01 EST"
"OCC","553","Supervisors; brickmasons, stonemasons, tilesetters","","2018-11-09 20:56:01 EST"
"OCC","554","Supervisors; carpenters and related workers","","2018-11-09 20:56:01 EST"
"OCC","555","Supervisors; electricians & power transm. install.","","2018-11-09 20:56:01 EST"
"OCC","556","Supervisors; painters, paperhangers and plasterers","","2018-11-09 20:56:01 EST"
"OCC","557","Supervisors; plumbers, pipefitters & steamfitters","","2018-11-09 20:56:01 EST"
"OCC","558","Supervisors, n.e.c.","","2018-11-09 20:56:01 EST"
"OCC","563","Brickmasons and stonemasons","","2018-11-09 20:56:01 EST"
"OCC","564","Brickmasons and stonemasons apprentices","","2018-11-09 20:56:01 EST"
"OCC","565","Tile setters, hard and soft","","2018-11-09 20:56:01 EST"
"OCC","566","Carpet installers","","2018-11-09 20:56:01 EST"
"OCC","567","Carpenters","","2018-11-09 20:56:01 EST"
"OCC","569","Carpenter apprentices","","2018-11-09 20:56:01 EST"
"OCC","573","Drywall installers","","2018-11-09 20:56:01 EST"
"OCC","575","Electricians","","2018-11-09 20:56:01 EST"
"OCC","576","Electricians' apprentices","","2018-11-09 20:56:01 EST"
"OCC","577","Electrical power installers and repairers","","2018-11-09 20:56:01 EST"
"OCC","579","Painters, construction and maintenance","","2018-11-09 20:56:01 EST"
"OCC","583","Paperhangers","","2018-11-09 20:56:01 EST"
"OCC","584","Plasterers","","2018-11-09 20:56:01 EST"
"OCC","585","Plumbers, pipefitters and steamfitters","","2018-11-09 20:56:01 EST"
"OCC","587","Plumber, pipefitter and steamfiter apprentices","","2018-11-09 20:56:01 EST"
"OCC","588","Concrete and terrazzo finishers","","2018-11-09 20:56:01 EST"
"OCC","589","Glaziers","","2018-11-09 20:56:01 EST"
"OCC","593","Insulation Workers","","2018-11-09 20:56:01 EST"
"OCC","594","Paving, surfacing and tamping equipment operators","","2018-11-09 20:56:01 EST"
"OCC","595","Roofers","","2018-11-09 20:56:01 EST"
"OCC","596","Sheetmetal duct installers","","2018-11-09 20:56:01 EST"
"OCC","597","Structural metal workers","","2018-11-09 20:56:01 EST"
"OCC","598","Drillers, earth","","2018-11-09 20:56:01 EST"
"OCC","599","Construction trades, n.e.c.","","2018-11-09 20:56:01 EST"
"OCC","613","Supervisors, extractive occupations","","2018-11-09 20:56:01 EST"
"OCC","614","Drillers, oil well","","2018-11-09 20:56:01 EST"
"OCC","615","Explosives workers","","2018-11-09 20:56:01 EST"
"OCC","616","Mining machine operators","","2018-11-09 20:56:01 EST"
"OCC","617","Mining occupations, n.e.c.","","2018-11-09 20:56:01 EST"
"OCC","628","Supervisors, Production Occupations","","2018-11-09 20:56:01 EST"
"OCC","633","Supervisors, production occupations","","2018-11-09 20:56:01 EST"
"OCC","634","Tool and die makers","","2018-11-09 20:56:01 EST"
"OCC","635","Tool and die maker apprentices","","2018-11-09 20:56:01 EST"
"OCC","636","Precision assemblers, metal","","2018-11-09 20:56:01 EST"
"OCC","637","Machinists","","2018-11-09 20:56:01 EST"
"OCC","639","Machinist apprentices","","2018-11-09 20:56:01 EST"
"OCC","643","Boilermakers","","2018-11-09 20:56:01 EST"
"OCC","644","Precision grinders, fitters and tool sharpeners","","2018-11-09 20:56:01 EST"
"OCC","645","Patternmakers and model makers, metal","","2018-11-09 20:56:01 EST"
"OCC","646","Lay-out workers","","2018-11-09 20:56:01 EST"
"OCC","647","Precious stones and metals workers (jewelers)","","2018-11-09 20:56:01 EST"
"OCC","649","Engravers, metal","","2018-11-09 20:56:01 EST"
"OCC","653","Sheet metal workers","","2018-11-09 20:56:01 EST"
"OCC","654","Sheet metal worker apprentices","","2018-11-09 20:56:01 EST"
"OCC","655","Miscellaneous precision metal workers","","2018-11-09 20:56:01 EST"
"OCC","656","Patternmakers and model makers, wood","","2018-11-09 20:56:01 EST"
"OCC","657","Cabinet makers and bench carpenters","","2018-11-09 20:56:01 EST"
"OCC","658","Furniture and wood finishers","","2018-11-09 20:56:01 EST"
"OCC","659","Miscellaneous precision woodworkers","","2018-11-09 20:56:01 EST"
"OCC","666","Dressmakers","","2018-11-09 20:56:01 EST"
"OCC","667","Tailors","","2018-11-09 20:56:01 EST"
"OCC","668","Upholsterers","","2018-11-09 20:56:01 EST"
"OCC","669","Shoe repairers","","2018-11-09 20:56:01 EST"
"OCC","673","Apparel and fabric pattern makers","","2018-11-09 20:56:01 EST"
"OCC","674","Miscellaneous precision apparel and fabric workers","","2018-11-09 20:56:01 EST"
"OCC","675","Hand molders and shapers, except jewelers","","2018-11-09 20:56:01 EST"
"OCC","676","Patternmakers, lay-out workers, and cutters","","2018-11-09 20:56:01 EST"
"OCC","677","Optical goods workers","","2018-11-09 20:56:01 EST"
"OCC","678","Dental laboratory & medical appliance technicians","","2018-11-09 20:56:01 EST"
"OCC","679","Bookbinders","","2018-11-09 20:56:01 EST"
"OCC","683","Electrical and electronic equipment assemblers","","2018-11-09 20:56:01 EST"
"OCC","684","Miscellaneous precision workers, n.e.c.","","2018-11-09 20:56:01 EST"
"OCC","686","Butchers and meat cutters","","2018-11-09 20:56:01 EST"
"OCC","687","Bakers","","2018-11-09 20:56:01 EST"
"OCC","688","Food batchmakers","","2018-11-09 20:56:01 EST"
"OCC","689","Inspectors, testers and graders","","2018-11-09 20:56:01 EST"
"OCC","693","Adjusters and calibrators","","2018-11-09 20:56:01 EST"
"OCC","694","Water and sewage treatment plant operators","","2018-11-09 20:56:01 EST"
"OCC","695","Power plant operators","","2018-11-09 20:56:01 EST"
"OCC","696","Stationary engineers","","2018-11-09 20:56:01 EST"
"OCC","699","Miscellaneous plant and system operators","","2018-11-09 20:56:01 EST"
"OCC","703","Lathe and turning machine set-up operators","","2018-11-09 20:56:01 EST"
"OCC","704","Lathe and turning machine operators","","2018-11-09 20:56:01 EST"
"OCC","705","Milling and planing machine operators","","2018-11-09 20:56:01 EST"
"OCC","706","Punching and stamping press machine operators","","2018-11-09 20:56:01 EST"
"OCC","707","Rolling machine operators","","2018-11-09 20:56:01 EST"
"OCC","708","Drilling and boring machine operators","","2018-11-09 20:56:01 EST"
"OCC","709","Grinding, abrading, buffing & polishing mach. op's","","2018-11-09 20:56:01 EST"
"OCC","713","Forging machine operators","","2018-11-09 20:56:01 EST"
"OCC","714","Numerical control machine operators","","2018-11-09 20:56:01 EST"
"OCC","715","Misc. metal,plastic,stone&glass-working mach. op's","","2018-11-09 20:56:01 EST"
"OCC","717","Fabricating machine operators, n.e.c.","","2018-11-09 20:56:01 EST"
"OCC","719","Molding and casting machine operators","","2018-11-09 20:56:02 EST"
"OCC","723","Metal plating machine operators","","2018-11-09 20:56:02 EST"
"OCC","724","Heat treating equipment operators","","2018-11-09 20:56:02 EST"
"OCC","725","Misc. metal & plastic processing machine operators","","2018-11-09 20:56:02 EST"
"OCC","726","Wood lathe, routing, and planing machine operators","","2018-11-09 20:56:02 EST"
"OCC","727","Sawing machine operators","","2018-11-09 20:56:02 EST"
"OCC","728","Shaping and joining machine operators","","2018-11-09 20:56:02 EST"
"OCC","729","Nailing and tacking machine operators","","2018-11-09 20:56:02 EST"
"OCC","733","Miscellaneous woodworking machine operators","","2018-11-09 20:56:02 EST"
"OCC","734","Printing machine operators","","2018-11-09 20:56:02 EST"
"OCC","735","Photoengravers and lithographers","","2018-11-09 20:56:02 EST"
"OCC","736","Typesetters and compositors","","2018-11-09 20:56:02 EST"
"OCC","737","Miscellaneous printing machine operators","","2018-11-09 20:56:02 EST"
"OCC","738","Winding and twisting machine operators","","2018-11-09 20:56:02 EST"
"OCC","739","Knitting, looping, taping & weaving mach.operators","","2018-11-09 20:56:02 EST"
"OCC","743","Textile cutting machine operators","","2018-11-09 20:56:02 EST"
"OCC","744","Textile sewing machine operators","","2018-11-09 20:56:02 EST"
"OCC","745","Shoe machine operators","","2018-11-09 20:56:02 EST"
"OCC","747","Pressing machine operators","","2018-11-09 20:56:02 EST"
"OCC","748","Laundering and dry cleaning machine operators","","2018-11-09 20:56:02 EST"
"OCC","749","Miscellaneous textile machine operators","","2018-11-09 20:56:02 EST"
"OCC","753","Cementing and gluing machine operators","","2018-11-09 20:56:02 EST"
"OCC","754","Packaging and filling machine operators","","2018-11-09 20:56:02 EST"
"OCC","755","Extruding and forming machine operators","","2018-11-09 20:56:02 EST"
"OCC","756","Mixing and blending machine operators","","2018-11-09 20:56:02 EST"
